,lower,upper
breathing_rate,11.582073211669922,30.782609939575195
pm2_5,1.887660562992096,519.9021127319338
temperature,19.899999618530273,46.95000076293945
humidity,25.100000381469727,72.63999938964844
