,lower,upper
breathing_rate,11.432392120361328,29.30107116699219
pm2_5,2.886410117149353,628.1415608723958
temperature,20.0,46.60000228881836
humidity,24.899999618530273,66.09999847412111
